package_id,title,institution_code,record_count,download_date,filter_parameter,filter_value,doi,profile_link,last_modified,source_file,profile_library
0000214-250121130708018,"Field Museum of Natural History (Zoology) Insect, Arachnid and Myriapod Collection",fm,478711,2025-01-20,,,https://doi.org/10.15468/0ywfpc,components/dataset-profiles/20250123-0000214-250121130708018-verbatim-new-yd.html,2025-01-23 18:14,verbatim.txt,YData
0000214-250121130708018,"Field Museum of Natural History (Zoology) Insect, Arachnid and Myriapod Collection",fm,478711,2025-01-20,,,https://doi.org/10.15468/0ywfpc,components/dataset-profiles/20250123-0000214-250121130708018-verbatim-new-sv.html,2025-01-23 18:12,verbatim.txt,Sweetviz
0000571-250121130708018,CUMV Amphibian and Reptile Collection,cumv,26789,2024-01-21,,,https://doi.org/10.15468/emivh3,components/dataset-profiles/20250123-0000571-250121130708018-verbatim-new-yd.html,2025-01-23 18:14,verbatim.txt,YData
0000571-250121130708018,CUMV Amphibian and Reptile Collection,cumv,26789,2024-01-21,,,https://doi.org/10.15468/emivh3,components/dataset-profiles/20250123-0000571-250121130708018-verbatim-new-sv.html,2025-01-23 18:12,verbatim.txt,Sweetviz
0001383-250121130708018,NCSM Herpetology Collection,ncsm,103916,2025-01-22,,,https://doi.org/10.15468/enivwl,components/dataset-profiles/20250123-0001383-250121130708018-verbatim-new-yd.html,2025-01-23 18:15,verbatim.txt,YData
0001383-250121130708018,NCSM Herpetology Collection,ncsm,103916,2025-01-22,,,https://doi.org/10.15468/enivwl,components/dataset-profiles/20250123-0001383-250121130708018-verbatim-ncsm-yd.html,2025-01-23 18:49,verbatim.txt,YData
0001383-250121130708018,NCSM Herpetology Collection,ncsm,103916,2025-01-22,,,https://doi.org/10.15468/enivwl,components/dataset-profiles/20250123-0001383-250121130708018-verbatim-ncsm-sv.html,2025-01-23 18:49,verbatim.txt,Sweetviz
0001383-250121130708018,NCSM Herpetology Collection,ncsm,103916,2025-01-22,,,https://doi.org/10.15468/enivwl,components/dataset-profiles/20250123-0001383-250121130708018-verbatim-new-sv.html,2025-01-23 18:13,verbatim.txt,Sweetviz
0049391-241126133413365,NMNH Paleobiology Specimen Records (USNM),usnm,724508,2024-12-26,,,https://doi.org/10.15468/7m0fvd,components/dataset-profiles/20250114-0049391-241126133413365-verbatim-usnm-yd.html,2025-01-14 11:34,verbatim.txt,YData
0049391-241126133413365,NMNH Paleobiology Specimen Records (USNM),usnm,724508,2024-12-26,,,https://doi.org/10.15468/7m0fvd,components/dataset-profiles/20250113-0049391-241126133413365-verbatim-usnm-sv.html,2025-01-13 18:12,verbatim.txt,Sweetviz
0049394-241126133413365,NMNH Material Samples (USNM),usnm,338887,2024-12-26,,,https://doi.org/10.15468/jb9tdf,components/dataset-profiles/20250113-0049394-241126133413365-verbatim-usnm-sv.html,2025-01-13 18:12,verbatim.txt,Sweetviz
0049394-241126133413365,NMNH Material Samples (USNM),usnm,338887,2024-12-26,,,https://doi.org/10.15468/jb9tdf,components/dataset-profiles/20250114-0049394-241126133413365-verbatim-usnm-yd.html,2025-01-14 11:35,verbatim.txt,YData
0049395-241126133413365,"NMNH Extant Specimen Records (USNM, US)",usnm,9277970,2024-12-26,,,https://doi.org/10.15468/hnhrg3,components/dataset-profiles/20250113-0049395-241126133413365-verbatim-usnm-sv.html,2025-01-13 18:15,verbatim.txt,Sweetviz
0049395-241126133413365,"NMNH Extant Specimen Records (USNM, US)",usnm,9277970,2024-12-26,,,https://doi.org/10.15468/hnhrg3,components/dataset-profiles/20250114-0049395-241126133413365-verbatim-usnm-yd.html,2025-01-14 11:39,verbatim.txt,YData
0052484-241126133413365,Entomology NMNH Extant Extant Specimen Records,usnm,606772,2024-12-31,collectionCode,ent,https://doi.org/10.15468/hnhrg3,components/dataset-profiles/20250114-0052484-241126133413365-verbatim-usnm-yd.html,2025-01-14 11:40,verbatim.txt,YData
0052484-241126133413365,Entomology NMNH Extant Extant Specimen Records,usnm,606772,2024-12-31,collectionCode,ent,https://doi.org/10.15468/hnhrg3,components/dataset-profiles/20250113-0052484-241126133413365-verbatim-usnm-sv.html,2025-01-13 18:15,verbatim.txt,Sweetviz
0052487-241126133413365,US NMNH Extant Specimen Records,usnm,4517197,2024-12-31,collectionCode,us,https://doi.org/10.15468/hnhrg3,components/dataset-profiles/20250113-0052487-241126133413365-verbatim-usnm-sv.html,2025-01-13 18:18,verbatim.txt,Sweetviz
0052487-241126133413365,US NMNH Extant Specimen Records,usnm,4517197,2024-12-31,collectionCode,us,https://doi.org/10.15468/hnhrg3,components/dataset-profiles/20250114-0052487-241126133413365-verbatim-usnm-yd.html,2025-01-14 11:45,verbatim.txt,YData
0052489-241126133413365,Invertebrate Zoology NMNH Extant Specimen Records,usnm,1926624,2024-12-31,collectionCode,iz,https://doi.org/10.15468/hnhrg3,components/dataset-profiles/20250114-0052489-241126133413365-verbatim-usnm-yd.html,2025-01-14 11:48,verbatim.txt,YData
0052489-241126133413365,Invertebrate Zoology NMNH Extant Specimen Records,usnm,1926624,2024-12-31,collectionCode,iz,https://doi.org/10.15468/hnhrg3,components/dataset-profiles/20250113-0052489-241126133413365-verbatim-usnm-sv.html,2025-01-13 18:19,verbatim.txt,Sweetviz
0054884-241126133413365,Mammal NMNH Extant Specimen Records,usnm,601451,2025-01-02,collectionCode,mamm,https://doi.org/10.15468/hnhrg3,components/dataset-profiles/20250114-0054884-241126133413365-verbatim-usnm-yd.html,2025-01-14 11:49,verbatim.txt,YData
0054884-241126133413365,Mammal NMNH Extant Specimen Records,usnm,601451,2025-01-02,collectionCode,mamm,https://doi.org/10.15468/hnhrg3,components/dataset-profiles/20250113-0054884-241126133413365-verbatim-usnm-sv.html,2025-01-13 18:19,verbatim.txt,Sweetviz
0054887-241126133413365,Birds NMNH Extant Specimen Records,usnm,584592,2025-01-02,collectionCode,birds,https://doi.org/10.15468/hnhrg3,components/dataset-profiles/20250113-0054887-241126133413365-verbatim-usnm-sv.html,2025-01-13 18:20,verbatim.txt,Sweetviz
0054887-241126133413365,Birds NMNH Extant Specimen Records,usnm,584592,2025-01-02,collectionCode,birds,https://doi.org/10.15468/hnhrg3,components/dataset-profiles/20250114-0054887-241126133413365-verbatim-usnm-yd.html,2025-01-14 11:49,verbatim.txt,YData
0054921-241126133413365,Herpetology NMNH Extant Specimen Records,usnm,584297,2025-01-02,collectionCode,herp,https://doi.org/10.15468/hnhrg3,components/dataset-profiles/20250114-0054921-241126133413365-verbatim-usnm-yd.html,2025-01-14 11:50,verbatim.txt,YData
0054921-241126133413365,Herpetology NMNH Extant Specimen Records,usnm,584297,2025-01-02,collectionCode,herp,https://doi.org/10.15468/hnhrg3,components/dataset-profiles/20250113-0054921-241126133413365-verbatim-usnm-sv.html,2025-01-13 18:20,verbatim.txt,Sweetviz
0055081-241126133413365,Fish NMNH Extant Specimen Records,usnm,457427,2025-01-02,collectionCode,fish,https://doi.org/10.15468/hnhrg3,components/dataset-profiles/20250114-0055081-241126133413365-verbatim-usnm-yd.html,2025-01-14 11:51,verbatim.txt,YData
0055081-241126133413365,Fish NMNH Extant Specimen Records,usnm,457427,2025-01-02,collectionCode,fish,https://doi.org/10.15468/hnhrg3,components/dataset-profiles/20250113-0055081-241126133413365-verbatim-usnm-sv.html,2025-01-13 18:20,verbatim.txt,Sweetviz
0061682-241126133413365,"Botany Division, Yale Peabody Museum",ypm,186529,2025-01-08,,,https://doi.org/10.15468/hrztgn,components/dataset-profiles/20250114-0061682-241126133413365-verbatim-ypm-yd.html,2025-01-14 11:27,verbatim.txt,YData
0061682-241126133413365,"Botany Division, Yale Peabody Museum",ypm,186529,2025-01-08,,,https://doi.org/10.15468/hrztgn,components/dataset-profiles/20250113-0061682-241126133413365-verbatim-ypm-sv.html,2025-01-13 18:23,verbatim.txt,Sweetviz
0061684-241126133413365,"Vertebrate Zoology Division - Mammalogy, Yale Peabody Museum",ypm,18866,2025-01-08,,,https://doi.org/10.15468/4mm6uc,components/dataset-profiles/20250114-0061684-241126133413365-verbatim-ypm-yd.html,2025-01-14 11:27,verbatim.txt,YData
0061684-241126133413365,"Vertebrate Zoology Division - Mammalogy, Yale Peabody Museum",ypm,18866,2025-01-08,,,https://doi.org/10.15468/4mm6uc,components/dataset-profiles/20250113-0061684-241126133413365-verbatim-ypm-sv.html,2025-01-13 18:23,verbatim.txt,Sweetviz
0061686-241126133413365,Naturalis Biodiversity Center (NL) - Aves,naturalis,290930,2025-01-08,,,https://doi.org/10.15468/dxmzbz,components/dataset-profiles/20250114-0061686-241126133413365-verbatim-naturalis-yd.html,2025-01-14 10:45,verbatim.txt,YData
0061686-241126133413365,Naturalis Biodiversity Center (NL) - Aves,naturalis,290930,2025-01-08,,,https://doi.org/10.15468/dxmzbz,components/dataset-profiles/20250113-0061686-241126133413365-verbatim-naturalis-sv.html,2025-01-13 18:23,verbatim.txt,Sweetviz
0061690-241126133413365,Naturalis Biodiversity Center (NL) - Botany,naturalis,5030692,2025-01-08,,,https://doi.org/10.15468/ib5ypt,components/dataset-profiles/20250114-0061690-241126133413365-verbatim-naturalis-yd.html,2025-01-14 10:45,verbatim.txt,YData
0061690-241126133413365,Naturalis Biodiversity Center (NL) - Botany,naturalis,5030692,2025-01-08,,,https://doi.org/10.15468/ib5ypt,components/dataset-profiles/20250113-0061690-241126133413365-verbatim-naturalis-sv.html,2025-01-13 18:23,verbatim.txt,Sweetviz
